{"cameraMode":{"drawMode":0,"name":"Shaded","section":"Shading Mode"},"sceneLighting":false,"audioPlay":false,"sceneViewState":{"showFog":false,"showMaterialUpdate":false,"showSkybox":false,"showFlares":false,"showImageEffects":false,"showParticleSystems":false},"in2DMode":false,"pivot":{"x":0.15498477220535279,"y":-0.0009871660731732846,"z":0.0},"rotation":{"x":-0.2488591969013214,"y":0.19367210566997529,"z":-0.05085683986544609,"w":-0.9476363658905029},"size":0.5948526263237,"orthographic":false}