{"cameraMode":{"drawMode":0,"name":"Shaded","section":"Shading Mode"},"sceneLighting":false,"audioPlay":false,"sceneViewState":{"showFog":false,"showMaterialUpdate":false,"showSkybox":false,"showFlares":false,"showImageEffects":false,"showParticleSystems":false},"in2DMode":false,"pivot":{"x":-0.03173917531967163,"y":0.13685300946235658,"z":-0.05593663454055786},"rotation":{"x":0.20636174082756043,"y":-0.3052004873752594,"z":0.06792828440666199,"w":0.9271782040596008},"size":0.8015126585960388,"orthographic":false}