{"cameraMode":{"drawMode":0,"name":"Shaded","section":"Shading Mode"},"sceneLighting":false,"audioPlay":false,"sceneViewState":{"showFog":false,"showMaterialUpdate":false,"showSkybox":false,"showFlares":false,"showImageEffects":false,"showParticleSystems":false},"in2DMode":false,"pivot":{"x":0.31299999356269839,"y":0.226438507437706,"z":1.0944994688034058},"rotation":{"x":0.02440563216805458,"y":-0.9524840116500855,"z":0.2930733859539032,"w":0.07931883633136749},"size":0.9338018298149109,"orthographic":false}