{"cameraMode":{"drawMode":0,"name":"Shaded","section":"Shading Mode"},"sceneLighting":false,"audioPlay":false,"sceneViewState":{"showFog":false,"showMaterialUpdate":false,"showSkybox":false,"showFlares":false,"showImageEffects":false,"showParticleSystems":false},"in2DMode":false,"pivot":{"x":0.000053736031986773014,"y":0.10224062204360962,"z":-0.042515676468610767},"rotation":{"x":0.31245648860931399,"y":-0.1817297339439392,"z":0.06103135272860527,"w":0.9303886890411377},"size":0.9338017702102661,"orthographic":false}