{"cameraMode":{"drawMode":0,"name":"Shaded","section":"Shading Mode"},"sceneLighting":false,"audioPlay":false,"sceneViewState":{"showFog":false,"showMaterialUpdate":false,"showSkybox":false,"showFlares":false,"showImageEffects":false,"showParticleSystems":false},"in2DMode":false,"pivot":{"x":-2.3326334953308107,"y":0.3954352140426636,"z":1.875950813293457},"rotation":{"x":0.21096515655517579,"y":-0.5304757952690125,"z":0.13828188180923463,"w":0.8093034029006958},"size":1.5338022708892823,"orthographic":false}